{
    "RMSE": 0.8050018977046257,
    "MAE": 0.6598184353897109,
    "R2_SCORE": 0.00838218049366879
}