{
    "RMSE": 0.7494524552234162,
    "MAE": 0.6052364709806461,
    "R2_SCORE": 0.14051423628001547
}